"All crash data available using this tool represents reportable data collected from Texas Peace Officer's Crash Reports (CR-3) received and processed by the Texas Department of Transportation (Department) as of 04/17/2017. The Department makes no warranty, representation or guaranty as to the content, accuracy, timeliness or completeness of any of the information provided as a result of your query. Any opinions and conclusions resulting from analysis performed on the crash data must be represented as your own and not those of the State of Texas or the Department. "

"Query Result Counts:"
"Your query returned a total of 269 Crashes containing 273 Units and 275 Persons"

"Query Filters:"
"Crash Year Is Equal To 2015"
"City Is Equal To Austin"
"Unit Description Is Equal To Pedalcyclist"

"Crash I D","Average Daily Traffic Amount","Average Daily Traffic Year","Crash Death Count","Crash Incapacitating Injury Count","Crash Non-incapacitating Injury Count","Crash Not Injured Count","Crash Possible Injury Count","Crash Severity","Crash Time","Crash Year","Day of Week","Intersecting Street Name","Intersection Related","Latitude","Light Condition","Longitude","Manner of Collision","Medical Advisory Flag","Number of Entering Roads","Number of Lanes","Object Struck","Road Base Type","Speed Limit","Street Name","Surface Condition"
"14233565","No Data","No Data","0","0","1","0","0","Non-Incapacitating Injury","2023","2015","Friday","N/A","Non Intersection","30.26460478","Dark, Lighted","-97.73784246","One Motor Vehicle - Going Straight","No","Other (Explain In Narrative)","No Data","Not Applicable","No Data","30","RED RIVER ST","Wet"
"14251326","No Data","No Data","0","0","1","2","0","Non-Incapacitating Injury","1800","2015","Friday","TILLERY ST","Intersection","30.27338478","Daylight","-97.69914247","One Motor Vehicle - Turning Left","No","Three Entering Roads - T","No Data","Not Applicable","No Data","35","OAK SPRINGS DR","Dry"
"14359985","No Data","No Data","0","0","0","1","1","Possible Injury","0635","2015","Thursday","N/A","Non Intersection","30.42728444","Dark, Not Lighted","-97.67742598","One Motor Vehicle - Going Straight","No","Other (Explain In Narrative)","No Data","Not Applicable","No Data","50","W HOWARD LN","Dry"
"14285346","No Data","No Data","0","0","1","1","0","Non-Incapacitating Injury","1051","2015","Friday","AIRPORT BLVD","Intersection","30.31206477","Daylight","-97.71535247","One Motor Vehicle - Turning Left","No","Four Entering Roads","No Data","Not Applicable","No Data","40","E 51ST ST","Wet"
"14243394","No Data","No Data","0","1","0","1","0","Incapacitating Injury","0538","2015","Saturday","N/A","Non Intersection","30.32689477","Dark, Lighted","-97.72573519","One Motor Vehicle - Going Straight","No","Not Applicable","No Data","Not Applicable","No Data","40","N LAMAR BLVD","Dry"
"14266345","No Data","No Data","0","0","1","2","0","Non-Incapacitating Injury","1600","2015","Sunday","N/A","Non Intersection","No Data","Daylight","No Data","One Motor Vehicle - Backing","No","Not Applicable","No Data","Not Applicable","No Data","-1","BURNS ST","Dry"
"14277440","No Data","No Data","0","0","1","0","0","Non-Incapacitating Injury","0810","2015","Sunday","WOODROW AVE","Intersection","30.32414477","Daylight","-97.73582246","One Motor Vehicle - Going Straight","No","Four Entering Roads","No Data","Not Applicable","No Data","30","NORTHLOOP BLVD W","Dry"
"14251491","No Data","No Data","0","0","0","2","0","Not Injured","1047","2015","Monday","LIGHTSEY RD","Intersection","30.23243479","Daylight","-97.76571246","One Motor Vehicle - Going Straight","No","Three Entering Roads - T","No Data","Not Applicable","No Data","35","S 1ST ST","Dry"
"14245420","44197","2014","0","1","0","1","0","Incapacitating Injury","1525","2015","Tuesday","ARBORETUM BLVD","Intersection","30.3884096","Daylight","-97.7516787","One Motor Vehicle - Going Straight","No","Four Entering Roads","4","Not Applicable","Flex Base (Granular)","-1","SL0360","Dry"
"14280356","No Data","No Data","0","0","1","1","0","Non-Incapacitating Injury","1419","2015","Wednesday","SAN JACINTO BLVD","Intersection","30.28930477","Daylight","-97.73460246","One Motor Vehicle - Going Straight","No","Four Entering Roads","No Data","Not Applicable","No Data","30","W DEAN KEETON ST","Dry"
"14247630","115456","2014","0","0","0","1","1","Possible Injury","1448","2015","Thursday","BURNET RD","Intersection Related","30.37323465","Daylight","-97.7264686","One Motor Vehicle - Turning Right","No","Three Entering Roads - T","6","Not Applicable","Flex Base (Granular)","-1","US0183","Dry"
"14270598","No Data","No Data","0","0","1","1","0","Non-Incapacitating Injury","1256","2015","Thursday","N/A","Driveway Access","30.27492768","Daylight","-97.7464413","One Motor Vehicle - Backing","No","Not Applicable","No Data","Not Applicable","No Data","30","NUECES ST","Dry"
"14280271","No Data","No Data","0","0","1","1","0","Non-Incapacitating Injury","0940","2015","Friday","AVENUE B","Intersection","30.30772477","Daylight","-97.73254246","One Motor Vehicle - Going Straight","No","Traffic Circle","No Data","Not Applicable","No Data","30","W 43RD ST","Dry"
"14280967","No Data","No Data","0","0","0","1","1","Possible Injury","1839","2015","Friday","BETHUNE AVE","Intersection","30.33010477","Dusk","-97.69829247","One Motor Vehicle - Going Straight","No","Four Entering Roads","No Data","Not Applicable","No Data","35","E ST JOHNS AVE","Dry"
"14282623","No Data","No Data","0","0","1","1","0","Non-Incapacitating Injury","1600","2015","Sunday","BISSONET LN","Intersection","30.34191476","Daylight","-97.71248247","One Motor Vehicle - Turning Left","Yes","Three Entering Roads - T","No Data","Not Applicable","No Data","30","GUADALUPE ST","Dry"
"14290389","124466","2014","0","0","1","1","0","Non-Incapacitating Injury","1142","2015","Tuesday","MIDDLE FISKVILLE RD","Intersection Related","30.36993557","Daylight","-97.68065186","One Motor Vehicle - Turning Right","No","Not Applicable","6","Not Applicable","Flex Base (Granular)","55","IH0035","Wet"
"14266466","No Data","No Data","0","0","1","6","0","Non-Incapacitating Injury","2032","2015","Saturday","N/A","Non Intersection","30.40747114","Dark, Lighted","-97.71568174","One Motor Vehicle - Going Straight","No","Not Applicable","No Data","Not Applicable","No Data","40","DUVAL RD","Dry"
"14264102","No Data","No Data","0","0","0","1","1","Possible Injury","1830","2015","Sunday","AIRPORT BLVD","Intersection","30.31206477","Dark, Lighted","-97.71535247","One Motor Vehicle - Turning Left","No","Four Entering Roads","No Data","Not Applicable","No Data","-1","E 51ST ST","Dry"
"14296292","No Data","No Data","0","0","0","1","1","Possible Injury","0830","2015","Monday","N/A","Non Intersection","30.27940442","Daylight","-97.74463078","One Motor Vehicle - Going Straight","No","Other (Explain In Narrative)","No Data","Not Applicable","No Data","30","W 16TH ST","Dry"
"14290543","22613","2014","0","1","0","0","0","Incapacitating Injury","2205","2015","Wednesday","N/A","Non Intersection","30.2626694","Dark, Lighted","-97.74180984","One Motor Vehicle - Going Straight","No","Not Applicable","4","Not Applicable","Concrete","-1","SL0343","Dry"
"14272258","No Data","No Data","0","0","1","2","0","Non-Incapacitating Injury","1119","2015","Thursday","N/A","Driveway Access","30.35156478","Daylight","-97.77192245","One Motor Vehicle - Going Straight","No","Not Applicable","No Data","Not Applicable","No Data","35","MESA DR","Dry"
"14292891","No Data","No Data","0","0","1","1","0","Non-Incapacitating Injury","0756","2015","Friday","MARY ST E","Intersection","30.24515478","Daylight","-97.75132246","One Motor Vehicle - Turning Right","No","Four Entering Roads","No Data","Not Applicable","No Data","35","CONGRESS AVE S","Dry"
"14306876","29304","2014","0","0","1","1","0","Non-Incapacitating Injury","1814","2015","Saturday","SANDRA MURAIDA WAY","Intersection Related","30.2664069","Dusk","-97.75552108","One Motor Vehicle - Going Straight","No","Not Applicable","4","Not Applicable","Flex Base (Granular)","32","SL0343","Dry"
"14282566","No Data","No Data","0","0","1","1","0","Non-Incapacitating Injury","0909","2015","Wednesday","N/A","Driveway Access","30.25642363","Daylight","-97.74715288","One Motor Vehicle - Turning Right","No","Not Applicable","No Data","Not Applicable","No Data","35","CONGRESS AVE S","Dry"
"14290259","No Data","No Data","0","0","0","5","1","Possible Injury","1215","2015","Saturday","MARY ST E","Intersection","30.24515478","Daylight","-97.75132246","One Motor Vehicle - Turning Right","No","Not Applicable","No Data","Not Applicable","No Data","35","CONGRESS AVE S","Dry"
"14290321","No Data","No Data","0","0","1","1","0","Non-Incapacitating Injury","1923","2015","Saturday","N/A","Non Intersection","30.26163953","Dark, Lighted","-97.72867576","One Motor Vehicle - Going Straight","No","Not Applicable","No Data","Not Applicable","No Data","35","E 4TH ST","Dry"
"14298031","No Data","No Data","0","1","0","3","0","Incapacitating Injury","1235","2015","Saturday","N/A","Non Intersection","30.32743477","Daylight","-97.69723921","One Motor Vehicle - Going Straight","No","Not Applicable","No Data","Not Applicable","No Data","25","MEADOR AVE","Dry"
"14320678","No Data","No Data","0","0","1","0","0","Non-Incapacitating Injury","0502","2015","Friday","N/A","Non Intersection","30.17108896","Dark, Not Lighted","-97.62664111","One Motor Vehicle - Going Straight","No","Not Applicable","No Data","Not Applicable","No Data","45","PEARCE LN","Dry"
"14341167","No Data","No Data","0","0","0","1","1","Possible Injury","1957","2015","Tuesday","LEON ST","Intersection","30.28827478","Dark, Lighted","-97.74933246","One Motor Vehicle - Turning Left","No","Not Applicable","No Data","Not Applicable","No Data","-1","W 24TH ST","Wet"
"14326208","118676","2014","0","0","0","1","1","Possible Injury","0823","2015","Wednesday","SH0045","Intersection Related","30.43354007","Daylight","-97.76817938","One Motor Vehicle - Going Straight","No","Three Entering Roads - Y","6","Not Applicable","Flex Base (Granular)","55","US0183","Wet"
"14341227","34215","2014","0","0","0","2","0","Not Injured","1855","2015","Thursday","KINNEY RD","Intersection Related","30.2476193","Dark, Lighted","-97.77293717","One Motor Vehicle - Turning Left","No","Not Applicable","4","Not Applicable","Flex Base (Granular)","40","SL0343","Dry"
"14326544","No Data","No Data","0","1","0","2","0","Incapacitating Injury","2259","2015","Wednesday","N/A","Non Intersection","30.24271508","Dark, Not Lighted","-97.71707976","One Motor Vehicle - Going Straight","No","Not Applicable","No Data","Not Applicable","No Data","45","S PLEASANT VALLEY RD","Dry"
"14326652","No Data","No Data","0","0","1","1","0","Non-Incapacitating Injury","2045","2015","Thursday","E 13TH ST","Intersection","30.27475478","Dark, Lighted","-97.72011247","One Motor Vehicle - Turning Left","No","Four Entering Roads","No Data","Not Applicable","No Data","30","CHICON ST","Dry"
"14326815","No Data","No Data","0","1","0","1","0","Incapacitating Injury","1229","2015","Friday","N/A","Driveway Access","30.35923091","Daylight","-97.69443971","One Motor Vehicle - Turning Left","No","Not Applicable","No Data","Not Applicable","No Data","30","GEORGIAN DR","Dry"
"14360137","No Data","No Data","0","0","0","2","0","Not Injured","1747","2015","Saturday","W 21ST ST","Intersection","30.28414478","Daylight","-97.74661246","One Motor Vehicle - Going Straight","No","Not Applicable","No Data","Not Applicable","No Data","25","PEARL ST","Dry"
"14334519","No Data","No Data","0","0","1","1","0","Non-Incapacitating Injury","1605","2015","Sunday","N/A","Driveway Access","30.23719141","Daylight","-97.77616848","One Motor Vehicle - Turning Left","No","Not Applicable","No Data","Not Applicable","No Data","25","S OAK DR","Dry"
"14352259","No Data","No Data","0","0","2","0","0","Non-Incapacitating Injury","0231","2015","Sunday","E 4TH ST","Intersection Related","30.26115946","Dark, Lighted","-97.72740462","One Motor Vehicle - Going Straight","No","Four Entering Roads","No Data","Not Applicable","No Data","30","COMAL ST","Dry"
"14350640","130691","2014","0","0","0","3","1","Possible Injury","1610","2015","Monday","US0183","Intersection Related","30.3392898","Daylight","-97.70004109","One Motor Vehicle - Going Straight","No","Not Applicable","6","Not Applicable","Flex Base (Granular)","50","IH0035","Dry"
"14334633","No Data","No Data","0","0","1","1","0","Non-Incapacitating Injury","1203","2015","Wednesday","E 2ND ST","Intersection","30.25870478","Daylight","-97.72622247","One Motor Vehicle - Going Straight","No","Not Applicable","No Data","Not Applicable","No Data","30","CHALMERS AVE","Dry"
"14341444","No Data","No Data","0","0","1","1","0","Non-Incapacitating Injury","0036","2015","Wednesday","N/A","Non Intersection","30.23246847","Dark, Lighted","-97.73246977","One Motor Vehicle - Going Straight","No","Not Applicable","No Data","Not Applicable","No Data","30","BURTON DR","Wet"
"14360159","33647","2014","0","0","1","1","0","Non-Incapacitating Injury","1251","2015","Wednesday","W RIVERSIDE DR","Intersection","30.26449154","Daylight","-97.75711525","One Motor Vehicle - Going Straight","No","Four Entering Roads","6","Not Applicable","Flex Base (Granular)","30","SL0343","Dry"
"14334665","No Data","No Data","0","0","0","2","0","Not Injured","0030","2015","Thursday","N/A","Non Intersection","30.23828517","Dark, Lighted","-97.7620466","One Motor Vehicle - Going Straight","No","Not Applicable","No Data","Not Applicable","No Data","35","S 1ST ST","Dry"
"14347436","No Data","No Data","0","1","0","1","0","Incapacitating Injury","2105","2015","Thursday","W 35TH ST","Intersection","30.30507477","Dark, Lighted","-97.74925246","One Motor Vehicle - Turning Left","No","Not Applicable","No Data","Not Applicable","No Data","30","W 34TH ST","Dry"
"14360269","No Data","No Data","0","0","0","5","0","Not Injured","0251","2015","Sunday","N/A","Non Intersection","30.26663764","Unknown","-97.74512103","One Motor Vehicle - Going Straight","No","Not Applicable","No Data","Not Applicable","No Data","30","W 4TH ST","Dry"
"14392270","34215","2014","0","0","2","1","0","Non-Incapacitating Injury","1733","2015","Sunday","SL0360","Intersection","30.24729227","Daylight","-97.77525007","One Motor Vehicle - Turning Left","No","Not Applicable","4","Not Applicable","Flex Base (Granular)","45","SL0343","Dry"
"14351176","No Data","No Data","0","0","1","0","0","Non-Incapacitating Injury","1221","2015","Monday","WOODWARD ST","Intersection","30.22780479","Daylight","-97.75630246","One Motor Vehicle - Going Straight","No","Three Entering Roads - T","No Data","Not Applicable","No Data","25","WILLOW SPRINGS RD","Dry"
"14355832","No Data","No Data","0","0","1","1","0","Non-Incapacitating Injury","0814","2015","Tuesday","E 5TH ST","Intersection","30.26215478","Daylight","-97.72695247","One Motor Vehicle - Going Straight","No","Four Entering Roads","No Data","Not Applicable","No Data","35","COMAL ST","Dry"
"14360349","No Data","No Data","0","0","0","1","1","Possible Injury","1912","2015","Tuesday","W 5TH ST","Intersection","30.26977478","Daylight","-97.75314246","One Motor Vehicle - Going Straight","No","Four Entering Roads","No Data","Not Applicable","No Data","-1","BOWIE ST","Dry"
"14343526","No Data","No Data","0","0","1","1","0","Non-Incapacitating Injury","0851","2015","Wednesday","N/A","Driveway Access","30.30407609","Daylight","-97.69876598","One Motor Vehicle - Turning Left","No","Not Applicable","No Data","Not Applicable","No Data","-1","BERKMAN DR","Dry"
"14360371","No Data","No Data","0","0","1","1","0","Non-Incapacitating Injury","0545","2015","Wednesday","N/A","Non Intersection","30.20422694","Dark, Unknown Lighting","-97.71388055","One Motor Vehicle - Going Straight","No","Not Applicable","No Data","Not Applicable","No Data","45","BURLESON RD","Dry"
"14360395","No Data","No Data","0","0","1","1","0","Non-Incapacitating Injury","1756","2015","Wednesday","ALOMAR CV","Intersection Related","30.16797479","Daylight","-97.6200825","One Motor Vehicle - Going Straight","No","Four Entering Roads","No Data","Not Applicable","No Data","45","PEARCE LN","Dry"
"14360399","No Data","No Data","0","0","0","2","1","Possible Injury","1319","2015","Wednesday","N/A","Non Intersection","No Data","Unknown","No Data","One Motor Vehicle - Going Straight","No","Not Applicable","No Data","Not Applicable","No Data","35","BARTON SPRINGS RD","Dry"
"14351679","No Data","No Data","0","0","1","2","0","Non-Incapacitating Injury","2016","2015","Friday","CHICON ST","Intersection Related","30.26969478","Dark, Lighted","-97.71902247","One Motor Vehicle - Turning Left","No","Four Entering Roads","No Data","Not Applicable","No Data","35","ROSEWOOD AVE","Dry"
"14372573","No Data","No Data","0","0","0","1","1","Possible Injury","1243","2015","Saturday","RICHARDINE AVE","Intersection","30.27193478","Daylight","-97.68563248","One Motor Vehicle - Going Straight","No","Four Entering Roads","No Data","Not Applicable","No Data","30","LEDESMA RD","Dry"
"14378437","No Data","No Data","0","0","1","5","0","Non-Incapacitating Injury","1525","2015","Saturday","N/A","Non Intersection","30.18818155","Daylight","-97.76803608","One Motor Vehicle - Going Straight","No","Not Applicable","No Data","Not Applicable","No Data","40","BLUFF SPRINGS RD","Dry"
"14372603","No Data","No Data","0","0","0","2","3","Possible Injury","1749","2015","Monday","N/A","Non Intersection","30.32317477","Daylight","-97.72807245","Opposite Direction - Both Going Straight","No","Not Applicable","No Data","Not Applicable","No Data","45","N LAMAR BLVD","Dry"
"14356260","No Data","No Data","0","0","0","2","0","Not Injured","0824","2015","Wednesday","N/A","Driveway Access","30.25582206","Daylight","-97.74737139","One Motor Vehicle - Turning Left","No","Not Applicable","No Data","Not Applicable","No Data","35","CONGRESS AVE S","Dry"
"14368486","197636","2014","0","1","0","1","0","Incapacitating Injury","2116","2015","Wednesday","SL0343","Intersection","30.24802183","Dark, Lighted","-97.73534685","One Motor Vehicle - Going Straight","No","Four Entering Roads","6","Not Applicable","Flex Base (Granular)","-1","IH0035","Dry"
"14362825","No Data","No Data","0","1","0","3","0","Incapacitating Injury","1731","2015","Thursday","N/A","Non Intersection","30.27342205","Daylight","-97.69889224","One Motor Vehicle - Going Straight","No","Not Applicable","No Data","Not Applicable","No Data","30","OAK SPRINGS DR","Dry"
"14392341","No Data","No Data","0","0","0","5","1","Possible Injury","1947","2015","Thursday","BARTON SPRINGS RD","Intersection Related","30.25890478","Daylight","-97.74621246","One Motor Vehicle - Turning Right","No","Three Entering Roads - T","No Data","Not Applicable","No Data","40","CONGRESS AVE S","Dry"
"14378886","No Data","No Data","0","0","1","1","0","Non-Incapacitating Injury","1900","2015","Friday","DAWSON RD","Intersection","30.26032478","Daylight","-97.75569246","One Motor Vehicle - Turning Left","No","Four Entering Roads","No Data","Not Applicable","No Data","30","BARTON SPRINGS RD","Dry"
"14372893","No Data","No Data","0","0","1","1","0","Non-Incapacitating Injury","1549","2015","Saturday","N/A","Non Intersection","No Data","Daylight","No Data","One Motor Vehicle - Going Straight","No","Not Applicable","No Data","Not Applicable","No Data","-1","US0290","Dry"
"14372956","148494","2014","0","0","0","0","1","Possible Injury","0920","2015","Monday","E 5TH ST","Intersection","30.26479309","Daylight","-97.73498848","One Motor Vehicle - Turning Right","No","Three Entering Roads - T","6","Not Applicable","Flex Base (Granular)","30","IH0035","Dry"
"14376114","No Data","No Data","0","0","0","2","0","Not Injured","1736","2015","Monday","N/A","Non Intersection","No Data","Daylight","No Data","One Motor Vehicle - Going Straight","No","Not Applicable","No Data","Not Applicable","No Data","-1","W SLAUGHTER LN","Dry"
"14373018","No Data","No Data","0","0","0","1","1","Possible Injury","1010","2015","Tuesday","N/A","Non Intersection","No Data","Daylight","No Data","One Motor Vehicle - Going Straight","No","Not Applicable","No Data","Not Applicable","No Data","-1","E 6TH ST","Dry"
"14373020","No Data","No Data","0","0","1","1","0","Non-Incapacitating Injury","1612","2015","Tuesday","N/A","Non Intersection","No Data","Daylight","No Data","One Motor Vehicle - Going Straight","No","Other (Explain In Narrative)","No Data","Not Applicable","No Data","30","GUADALUPE ST","Dry"
"14378854","34215","2014","0","0","0","1","1","Possible Injury","1413","2015","Thursday","N/A","Non Intersection","30.24772289","Daylight","-97.77247961","One Motor Vehicle - Going Straight","No","Other (Explain In Narrative)","4","Not Applicable","Flex Base (Granular)","-1","SL0343","Dry"
"14376267","No Data","No Data","0","0","1","1","0","Non-Incapacitating Injury","1431","2015","Friday","N/A","Driveway Access","30.32584668","Daylight","-97.72639296","One Motor Vehicle - Turning Right","No","Not Applicable","No Data","Not Applicable","No Data","-1","N LAMAR BLVD","Dry"
"14376354","No Data","No Data","0","0","1","1","0","Non-Incapacitating Injury","1530","2015","Friday","UNKNOWN","Intersection","30.31769477","Daylight","-97.72117247","One Motor Vehicle - Turning Right","No","Four Entering Roads","No Data","Not Applicable","No Data","35","E NORTH LOOP BLVD","Dry"
"14383969","No Data","No Data","0","0","0","1","1","Possible Injury","1621","2015","Friday","W 12TH ST","Intersection Related","30.27642478","Daylight","-97.74984246","One Motor Vehicle - Going Straight","No","Not Applicable","No Data","Not Applicable","No Data","30","SHOAL CREEK BLVD","Dry"
"14383973","No Data","No Data","0","0","1","1","0","Non-Incapacitating Injury","1822","2015","Friday","N/A","Driveway Access","30.27208677","Daylight","-97.75544061","One Motor Vehicle - Turning Right","No","Not Applicable","No Data","Not Applicable","No Data","30","W 6TH ST","Dry"
"14383990","No Data","No Data","0","1","0","1","0","Incapacitating Injury","0017","2015","Saturday","N/A","Non Intersection","No Data","Dark, Lighted","No Data","One Motor Vehicle - Going Straight","No","Other (Explain In Narrative)","No Data","Not Applicable","No Data","-1","STONELAKE BLVD","Dry"
"14384049","No Data","No Data","0","1","0","2","0","Incapacitating Injury","1958","2015","Sunday","N/A","Non Intersection","30.31161664","Daylight","-97.73429444","One Motor Vehicle - Going Straight","No","Not Applicable","No Data","Not Applicable","No Data","35","W 45TH ST","Dry"
"14381370","No Data","No Data","0","0","0","1","1","Possible Injury","2142","2015","Tuesday","THUNDER CREEK RD","Intersection","30.41569475","Dark, Lighted","-97.74835245","One Motor Vehicle - Turning Left","No","Three Entering Roads - T","No Data","Not Applicable","No Data","45","JOLLYVILLE RD","Dry"
"14385413","No Data","No Data","0","0","1","1","0","Non-Incapacitating Injury","1313","2015","Tuesday","N/A","Non Intersection","30.28919194","Daylight","-97.73039525","One Motor Vehicle - Going Straight","No","Three Entering Roads - T","No Data","Not Applicable","No Data","35","E DEAN KEETON ST","Dry"
"14396455","No Data","No Data","0","0","1","1","0","Non-Incapacitating Injury","2300","2015","Tuesday","ROBERT E LEE RD","Intersection","30.26474478","Dark, Lighted","-97.76495246","One Motor Vehicle - Going Straight","No","Three Entering Roads - T","No Data","Not Applicable","No Data","35","BARTON SPRINGS RD","Dry"
"14392710","No Data","No Data","0","0","0","2","0","Not Injured","0706","2015","Friday","BOLM RD","Intersection Related","30.26110478","Daylight","-97.69611248","One Motor Vehicle - Going Straight","No","Three Entering Roads - T","No Data","Not Applicable","No Data","-1","MANSELL AVE","Dry"
"14396681","No Data","No Data","0","0","1","1","0","Non-Incapacitating Injury","1713","2015","Friday","N/A","Non Intersection","No Data","Daylight","No Data","One Motor Vehicle - Going Straight","No","Not Applicable","No Data","Not Applicable","No Data","40","W BRAKER LN","Wet"
"14452962","No Data","No Data","0","0","0","1","1","Possible Injury","2037","2015","Friday","W 46TH ST","Intersection","30.31282477","Dark, Lighted","-97.73164246","One Motor Vehicle - Going Straight","No","Four Entering Roads","No Data","Not Applicable","No Data","-1","GUADALUPE ST","Wet"
"14498512","No Data","No Data","0","0","1","2","0","Non-Incapacitating Injury","1437","2015","Friday","NOT REPORTED","Driveway Access","30.25715478","Daylight","-97.74688246","One Motor Vehicle - Turning Right","No","Not Applicable","No Data","Not Applicable","No Data","45","CONGRESS AVE S","Dry"
"14394008","No Data","No Data","0","0","0","3","0","Not Injured","1731","2015","Sunday","NOT REPORTED","Non Intersection","No Data","Daylight","No Data","One Motor Vehicle - Going Straight","No","Not Applicable","No Data","Not Applicable","No Data","-1","S GUADALUPE ST","Dry"
"14394498","18049","2014","0","0","1","1","0","Non-Incapacitating Injury","1400","2015","Sunday","PARK AT WOODLANDS DR","Intersection","30.27309487","Daylight","-97.63434235","One Motor Vehicle - Turning Right","No","Other (Explain In Narrative)","4","Not Applicable","Flex Base (Granular)","55","FM0969","Dry"
"14410648","No Data","No Data","0","0","1","3","0","Non-Incapacitating Injury","0230","2015","Tuesday","N/A","Non Intersection","30.26894477","Dark, Unknown Lighting","-97.73865246","One Motor Vehicle - Backing","No","Not Applicable","No Data","Not Applicable","No Data","35","TRINITY ST","Dry"
"14403173","No Data","No Data","0","0","1","1","0","Non-Incapacitating Injury","1807","2015","Friday","N/A","Non Intersection","No Data","Daylight","No Data","One Motor Vehicle - Going Straight","No","Not Applicable","No Data","Not Applicable","No Data","-1","WEST GATE BLVD","Dry"
"14530994","No Data","No Data","0","0","0","1","1","Possible Injury","1838","2015","Sunday","N/A","Non Intersection","No Data","Daylight","No Data","One Motor Vehicle - Going Straight","No","Not Applicable","No Data","Not Applicable","No Data","-1","PARK PLAZA AVE","Dry"
"14414844","No Data","No Data","0","0","0","1","1","Possible Injury","1319","2015","Monday","N/A","Non Intersection","No Data","Daylight","No Data","One Motor Vehicle - Going Straight","No","Three Entering Roads - T","No Data","Not Applicable","No Data","10","W GUADALUPE ST","Dry"
"14414901","No Data","No Data","0","0","1","0","0","Non-Incapacitating Injury","1349","2015","Monday","N/A","Non Intersection","30.21789364","Daylight","-97.77488663","One Motor Vehicle - Going Straight","No","Not Applicable","No Data","Not Applicable","No Data","40","S 1ST ST","Dry"
"14406825","No Data","No Data","0","0","1","1","0","Non-Incapacitating Injury","0843","2015","Tuesday","KRAMER LN","Intersection Related","30.39093475","Daylight","-97.71406246","One Motor Vehicle - Turning Right","No","Four Entering Roads","No Data","Not Applicable","No Data","45","W BRAKER LN","Wet"
"14406865","No Data","No Data","0","0","0","3","0","Not Injured","1530","2015","Tuesday","S PLEASANT VALLEY RD","Intersection Related","30.23442716","Daylight","-97.72406475","One Motor Vehicle - Turning Right","No","Not Applicable","No Data","Not Applicable","No Data","-1","E RIVERSIDE DR","Dry"
"14431782","35475","2014","0","1","0","1","0","Incapacitating Injury","1726","2015","Wednesday","LAKELINE BLVD","Intersection Related","30.48795628","Daylight","-97.77135275","One Motor Vehicle - Turning Right","No","Three Entering Roads - T","4","Not Applicable","Flex Base (Granular)","-1","FM0734","Dry"
"14415179","No Data","No Data","0","0","1","1","0","Non-Incapacitating Injury","1928","2015","Friday","W WILLIAM CANNON DR","Intersection","30.22489479","Daylight","-97.85500243","One Motor Vehicle - Going Straight","No","Four Entering Roads","No Data","Not Applicable","No Data","45","BECKETT RD","Dry"
"14573910","No Data","No Data","0","0","1","0","0","Non-Incapacitating Injury","1100","2015","Friday","N/A","Non Intersection","30.28768612","Daylight","-97.74159191","One Motor Vehicle - Turning Left","No","Not Applicable","No Data","Not Applicable","No Data","-1","W 24TH ST","Dry"
"14415232","No Data","No Data","0","1","0","1","0","Incapacitating Injury","1837","2015","Saturday","N/A","Non Intersection","30.40071361","Daylight","-97.74757153","One Motor Vehicle - Going Straight","No","Four Entering Roads","No Data","Not Applicable","No Data","-1","W BRAKER LN","Dry"
"14415305","No Data","No Data","0","0","1","0","0","Non-Incapacitating Injury","2230","2015","Sunday","N/A","Non Intersection","30.22163931","Dark, Unknown Lighting","-97.74217315","One Motor Vehicle - Going Straight","No","Not Applicable","No Data","Not Applicable","No Data","30","PARKER LN","Dry"
"14428572","No Data","No Data","0","0","1","0","0","Non-Incapacitating Injury","1903","2015","Monday","N/A","Non Intersection","30.45060082","Daylight","-97.78458896","One Motor Vehicle - Going Straight","No","Not Applicable","No Data","Not Applicable","No Data","40","ANDERSON MILL RD","Dry"
"14423495","No Data","No Data","0","0","1","1","0","Non-Incapacitating Injury","0815","2015","Tuesday","N/A","Driveway Access","30.16713419","Daylight","-97.79092662","One Motor Vehicle - Turning Right","No","Not Applicable","No Data","Not Applicable","No Data","-1","W SLAUGHTER LN","Dry"
"14419016","No Data","No Data","0","0","1","1","0","Non-Incapacitating Injury","0658","2015","Wednesday","N/A","Non Intersection","30.34844706","Daylight","-97.67677062","One Motor Vehicle - Going Straight","No","Not Applicable","No Data","Not Applicable","No Data","-1","CAMERON RD","Dry"
"14431932","No Data","No Data","0","0","1","1","0","Non-Incapacitating Injury","1613","2015","Thursday","UNKNOWN","Intersection Related","30.19151666","Daylight","-97.77386149","One Motor Vehicle - Turning Left","No","Not Applicable","No Data","Not Applicable","No Data","15","E WILLIAM CANNON DR","Dry"
"14429383","No Data","No Data","0","0","0","2","1","Possible Injury","1250","2015","Monday","GROVE BLVD","Intersection Related","30.22699801","Daylight","-97.70803027","Same Direction - One Straight-One Stopped","No","Four Entering Roads","No Data","Not Applicable","No Data","40","E RIVERSIDE DR","Wet"
"14434091","No Data","No Data","0","0","1","1","0","Non-Incapacitating Injury","1546","2015","Wednesday","N/A","Non Intersection","30.2735516","Daylight","-97.69092584","One Motor Vehicle - Going Straight","No","Not Applicable","No Data","Not Applicable","No Data","25","OAK SPRINGS DR","Wet"
"14452761","No Data","No Data","0","0","0","1","1","Possible Injury","1143","2015","Wednesday","WOODVIEW AVE","Intersection","30.32500477","Daylight","-97.74390246","One Motor Vehicle - Going Straight","No","Three Entering Roads - Y","No Data","Not Applicable","No Data","35","HANCOCK DR","Wet"
"14457449","No Data","No Data","0","0","0","1","1","Possible Injury","2143","2015","Thursday","N/A","Driveway Access","30.36137936","Dark, Lighted","-97.72945924","One Motor Vehicle - Turning Left","No","Not Applicable","No Data","Not Applicable","No Data","30","BURNET RD","Dry"
"14457470","33647","2014","0","0","1","1","0","Non-Incapacitating Injury","1916","2015","Saturday","TREADWELL ST","Intersection","30.25603639","Daylight","-97.76151136","One Motor Vehicle - Turning Right","No","Three Entering Roads - T","4","Not Applicable","Flex Base (Granular)","35","SL0343","Dry"
"14444084","20895","2014","0","0","2","1","0","Non-Incapacitating Injury","1535","2015","Monday","RED RIVER ST","Intersection","30.2618442","Daylight","-97.73886871","Same Direction - Both Going Straight-Rear End","No","Four Entering Roads","4","Not Applicable","Concrete","35","SL0343","Dry"
"14454525","No Data","No Data","0","0","0","1","1","Possible Injury","1654","2015","Thursday","E BEN WHITE BLVD","Intersection Related","30.22048479","Daylight","-97.75830246","One Motor Vehicle - Turning Right","No","Three Entering Roads - T","No Data","Not Applicable","No Data","45","WAREHOUSE ROW","Dry"
"14453493","No Data","No Data","0","0","0","1","1","Possible Injury","1520","2015","Friday","N/A","Non Intersection","No Data","Daylight","No Data","One Motor Vehicle - Going Straight","No","Not Applicable","No Data","Not Applicable","No Data","45","ANDERSON MILL RD","Wet"
"14453523","No Data","No Data","0","0","1","1","0","Non-Incapacitating Injury","1839","2015","Friday","SHEPARD DR","Intersection","30.35800476","Daylight","-97.69916247","One Motor Vehicle - Going Straight","No","Three Entering Roads - T","No Data","Not Applicable","No Data","-1","CARPENTER AVE","Dry"
"14467010","No Data","No Data","0","0","1","2","0","Non-Incapacitating Injury","1655","2015","Friday","N/A","Non Intersection","30.29601502","Daylight","-97.7424198","One Motor Vehicle - Turning Left","No","Not Applicable","No Data","Not Applicable","No Data","35","GUADALUPE ST","Dry"
"14663285","No Data","No Data","0","0","1","3","0","Non-Incapacitating Injury","1754","2015","Friday","BRANCHWOOD DR","Intersection","30.1799948","Daylight","-97.75977246","One Motor Vehicle - Going Straight","No","Three Entering Roads - T","No Data","Not Applicable","No Data","30","BLUE MEADOW DR","Dry"
"14478649","No Data","No Data","0","0","0","1","1","Possible Injury","1843","2015","Thursday","COLORADO ST","Intersection","30.26466478","Daylight","-97.74552246","One Motor Vehicle - Turning Left","No","Four Entering Roads","No Data","Not Applicable","No Data","-1","W 2ND ST","Dry"
"14465210","No Data","No Data","0","1","0","1","0","Incapacitating Injury","1650","2015","Saturday","E 17TH ST","Intersection","30.27804478","Daylight","-97.73643246","One Motor Vehicle - Going Straight","No","Four Entering Roads","No Data","Not Applicable","No Data","30","SAN JACINTO BLVD","Wet"
"14463444","No Data","No Data","0","0","1","3","0","Non-Incapacitating Injury","1238","2015","Sunday","N/A","Driveway Access","30.26120886","Daylight","-97.6981663","One Motor Vehicle - Turning Left","No","Not Applicable","No Data","Not Applicable","No Data","30","BOLM RD","Dry"
"14479310","No Data","No Data","0","0","1","1","0","Non-Incapacitating Injury","2109","2015","Sunday","N/A","Non Intersection","30.26383478","Dark, Lighted","-97.74435246","One Motor Vehicle - Going Straight","No","Not Applicable","No Data","Not Applicable","No Data","35","CONGRESS AVE","Dry"
"14463457","No Data","No Data","0","0","1","1","0","Non-Incapacitating Injury","0730","2015","Monday","UNKNOWN","Intersection","30.45807475","Daylight","-97.80019244","One Motor Vehicle - Turning Right","No","Three Entering Roads - T","No Data","Not Applicable","No Data","30","LAKE CREEK PKWY","Dry"
"14465136","148494","2014","0","0","1","1","0","Non-Incapacitating Injury","1635","2015","Monday","E 4TH ST","Intersection Related","30.26390097","Daylight","-97.73535224","One Motor Vehicle - Going Straight","No","Three Entering Roads - T","6","Not Applicable","Flex Base (Granular)","30","IH0035","Dry"
"14465342","122507","2014","0","0","1","0","0","Non-Incapacitating Injury","1117","2015","Tuesday","GREAT HILLS TRL","Intersection Related","30.39404956","Daylight","-97.74647834","One Motor Vehicle - Going Straight","No","Four Entering Roads","6","Not Applicable","Flex Base (Granular)","35","US0183","Dry"
"14502768","No Data","No Data","0","1","0","0","0","Incapacitating Injury","1954","2015","Tuesday","KANDY DR","Intersection","30.21149479","Daylight","-97.83482244","One Motor Vehicle - Turning Left","No","Three Entering Roads - T","No Data","Not Applicable","No Data","-1","CONVICT HILL RD","Wet"
"14469362","No Data","No Data","0","0","0","0","2","Possible Injury","1629","2015","Wednesday","AIRPORT BLVD","Intersection Related","30.33395477","Daylight","-97.71692247","One Motor Vehicle - Turning Right","No","Three Entering Roads - T","No Data","Not Applicable","No Data","-1","GUADALUPE ST","Dry"
"14479309","26658","2014","0","0","0","3","1","Possible Injury","1815","2015","Wednesday","WOODROW AVE","Intersection","30.33088548","Daylight","-97.73154794","One Motor Vehicle - Turning Left","No","Four Entering Roads","4","Not Applicable","Flex Base (Granular)","35","RM2222","Dry"
"14491791","No Data","No Data","0","0","1","1","0","Non-Incapacitating Injury","1832","2015","Thursday","UNKNOWN","Intersection","30.30059477","Daylight","-97.75916246","One Motor Vehicle - Turning Left","No","Four Entering Roads","No Data","Not Applicable","No Data","35","WESTOVER RD","Dry"
"14504718","No Data","No Data","0","0","1","1","0","Non-Incapacitating Injury","0749","2015","Thursday","CHICON ST","Intersection","30.27375478","Daylight","-97.71989247","One Motor Vehicle - Turning Left","No","Not Applicable","No Data","Not Applicable","No Data","35","E 12TH ST","Dry"
"14481594","No Data","No Data","1","0","0","2","0","Killed","1834","2015","Saturday","N/A","Non Intersection","30.29825668","Daylight","-97.64946172","One Motor Vehicle - Going Straight","No","Not Applicable","No Data","Not Applicable","No Data","30","JOHNNY MORRIS RD","Dry"
"14475244","No Data","No Data","0","0","0","2","0","Not Injured","1031","2015","Sunday","E 38TH ST","Intersection","30.29560477","Daylight","-97.72339247","One Motor Vehicle - Turning Right","No","Four Entering Roads","No Data","Not Applicable","No Data","35","RED RIVER ST","Dry"
"14498737","No Data","No Data","0","1","0","1","0","Incapacitating Injury","0900","2015","Sunday","UNKNOWN","Intersection","30.15762554","Daylight","-97.74276327","One Motor Vehicle - Going Straight","No","Not Applicable","No Data","Not Applicable","No Data","30","THAXTON RD","Dry"
"14491956","No Data","No Data","0","0","1","1","0","Non-Incapacitating Injury","2158","2015","Monday","JAMES ST W","Intersection","30.25111478","Dark, Lighted","-97.74912246","One Motor Vehicle - Going Straight","No","Four Entering Roads","No Data","Not Applicable","No Data","-1","CONGRESS AVE S","Dry"
"14483564","No Data","No Data","0","1","0","1","0","Incapacitating Injury","0700","2015","Tuesday","MOUNTAINWOOD CIR","Intersection","30.37763476","Daylight","-97.74750245","One Motor Vehicle - Going Straight","No","Not Applicable","No Data","Not Applicable","No Data","30","HYRIDGE DR","Dry"
"14481487","No Data","No Data","0","0","1","1","0","Non-Incapacitating Injury","0414","2015","Wednesday","LOYOLA LN","Intersection","30.30263477","Dark, Lighted","-97.66109248","One Motor Vehicle - Going Straight","No","Four Entering Roads","No Data","Not Applicable","No Data","55","ED BLUESTEIN BLVD","Dry"
"14506372","No Data","No Data","0","0","0","1","1","Possible Injury","0735","2015","Wednesday","PONCA ST","Intersection Related","30.23757478","Daylight","-97.69533248","One Motor Vehicle - Going Straight","No","Not Applicable","No Data","Not Applicable","No Data","30","MONTOPOLIS DR","Dry"
"14506907","No Data","No Data","0","0","1","1","0","Non-Incapacitating Injury","1217","2015","Saturday","W ANDERSON LN","Intersection Related","30.35972476","Daylight","-97.73825246","One Motor Vehicle - Going Straight","No","Not Applicable","No Data","Not Applicable","No Data","30","ROCKWOOD LN","Dry"
"14507081","No Data","No Data","0","0","1","1","0","Non-Incapacitating Injury","0509","2015","Tuesday","UNKNOWN","Intersection","30.39059474","Dark, Lighted","-97.73946031","One Motor Vehicle - Going Straight","No","Four Entering Roads","No Data","Not Applicable","No Data","45","N CAPITAL OF TEXAS HWY","Dry"
"14507156","113017","2014","0","0","1","4","0","Non-Incapacitating Injury","1730","2015","Thursday","IH0035","Intersection Related","30.21931084","Daylight","-97.7567846","One Motor Vehicle - Going Straight","No","Three Entering Roads - T","6","Not Applicable","Flex Base (Granular)","-1","US0290","Dry"
"14511893","22775","2014","0","0","0","2","1","Possible Injury","2250","2015","Monday","N/A","Non Intersection","30.27356299","Dark, Lighted","-97.69790834","One Motor Vehicle - Going Straight","No","Three Entering Roads - T","4","Not Applicable","Flex Base (Granular)","-1","SL0111","Dry"
"14514210","41709","2014","0","0","1","1","0","Non-Incapacitating Injury","1224","2015","Wednesday","N/A","Driveway Access","30.42824354","Daylight","-97.84286352","One Motor Vehicle - Turning Left","No","Not Applicable","4","Not Applicable","Flex Base (Granular)","50","RM0620","Dry"
"14516055","No Data","No Data","0","0","0","1","1","Possible Injury","1734","2015","Wednesday","UNKNOWN","Intersection Related","30.45342057","Daylight","-97.80855579","One Motor Vehicle - Going Straight","No","Three Entering Roads - T","No Data","Not Applicable","No Data","30","PECAN CREEK PKWY","Dry"
"14537097","No Data","No Data","0","0","1","0","0","Non-Incapacitating Injury","1706","2015","Thursday","N/A","Driveway Access","30.36317322","Daylight","-97.69730305","One Motor Vehicle - Going Straight","No","Not Applicable","No Data","Not Applicable","No Data","-1","W RUNDBERG LN","Dry"
"14520757","29839","2014","0","0","1","1","0","Non-Incapacitating Injury","1233","2015","Friday","W RUNDBERG LN","Intersection Related","30.3630463","Daylight","-97.69702522","One Motor Vehicle - Going Straight","No","Four Entering Roads","4","Not Applicable","Flex Base (Granular)","35","SL0275","Dry"
"14526736","No Data","No Data","0","0","1","1","0","Non-Incapacitating Injury","1806","2015","Monday","GREENWOOD AVE","Intersection","30.28819477","Daylight","-97.70032247","One Motor Vehicle - Going Straight","No","Three Entering Roads - T","No Data","Not Applicable","No Data","35","MANOR RD","Dry"
"14528105","No Data","No Data","0","0","0","1","1","Possible Injury","2354","2015","Monday","WEST AVE","Intersection Related","30.27021631","Dark, Lighted","-97.75054227","One Motor Vehicle - Going Straight","No","Four Entering Roads","No Data","Not Applicable","No Data","30","W 6TH ST","Dry"
"14537152","No Data","No Data","0","0","1","1","0","Non-Incapacitating Injury","1732","2015","Tuesday","N/A","Driveway Access","30.25867593","Daylight","-97.75100279","One Motor Vehicle - Turning Right","No","Not Applicable","No Data","Not Applicable","No Data","40","BARTON SPRINGS RD","Dry"
"15585297","No Data","No Data","0","0","0","1","1","Possible Injury","1854","2015","Wednesday","N/A","Driveway Access","30.2609257","Daylight","-97.75868461","One Motor Vehicle - Turning Left","No","Not Applicable","No Data","Not Applicable","No Data","30","BARTON SPRINGS RD","Dry"
"14531371","No Data","No Data","0","0","1","1","0","Non-Incapacitating Injury","1234","2015","Friday","N/A","Driveway Access","30.42381144","Daylight","-97.7566332","One Motor Vehicle - Turning Right","No","Not Applicable","No Data","Not Applicable","No Data","45","JOLLYVILLE RD","Dry"
"14537670","No Data","No Data","0","0","1","1","0","Non-Incapacitating Injury","0731","2015","Wednesday","N/A","Non Intersection","30.43119157","Daylight","-97.766016","One Motor Vehicle - Going Straight","No","Not Applicable","No Data","Not Applicable","No Data","45","JOLLYVILLE RD","Dry"
"14537717","No Data","No Data","0","0","1","1","0","Non-Incapacitating Injury","1914","2015","Wednesday","WILLIAM BARTON DR","Intersection","30.26606478","Daylight","-97.76887246","One Motor Vehicle - Turning Left","No","Three Entering Roads - T","No Data","Not Applicable","No Data","35","BARTON SPRINGS RD","Dry"
"14539613","No Data","No Data","0","0","1","0","0","Non-Incapacitating Injury","2205","2015","Thursday","UNKNOWN","Intersection","30.43640608","Dark, Lighted","-97.76339846","One Motor Vehicle - Going Straight","No","Four Entering Roads","No Data","Not Applicable","No Data","45","MCNEIL DR","Dry"
"14539646","No Data","No Data","0","0","0","1","1","Possible Injury","0800","2015","Friday","W 2ND ST","Intersection","30.26429478","Daylight","-97.74420246","One Motor Vehicle - Turning Left","No","Four Entering Roads","No Data","Not Applicable","No Data","30","CONGRESS AVE","Dry"
"14539650","No Data","No Data","0","0","0","1","1","Possible Injury","0752","2015","Friday","N/A","Driveway Access","30.40320475","Daylight","-97.74805246","One Motor Vehicle - Turning Right","No","Three Entering Roads - T","No Data","Not Applicable","No Data","40","JOLLYVILLE RD","Dry"
"14555738","No Data","No Data","0","0","0","4","0","Not Injured","1856","2015","Friday","W 6TH ST","Intersection","30.26805478","Daylight","-97.74281246","One Motor Vehicle - Turning Left","No","Four Entering Roads","No Data","Not Applicable","No Data","35","CONGRESS AVE","Dry"
"14595912","No Data","No Data","0","0","1","1","0","Non-Incapacitating Injury","2158","2015","Sunday","E OLTORF ST","Intersection Related","30.23093479","Dark, Lighted","-97.73368247","One Motor Vehicle - Going Straight","No","Three Entering Roads - T","No Data","Not Applicable","No Data","-1","BURTON DR","Dry"
"14550464","No Data","No Data","0","0","1","1","0","Non-Incapacitating Injury","0733","2015","Wednesday","N/A","Non Intersection","No Data","Daylight","No Data","One Motor Vehicle - Going Straight","No","Other (Explain In Narrative)","No Data","Not Applicable","No Data","40","LAKELINE BLVD","Dry"
"14550477","No Data","No Data","0","0","1","1","0","Non-Incapacitating Injury","0731","2015","Thursday","N LAMAR BLVD","Intersection Related","30.31343091","Daylight","-97.73750188","One Motor Vehicle - Turning Left","No","Not Applicable","No Data","Not Applicable","No Data","30","W 45TH ST","Dry"
"14642011","No Data","No Data","0","0","1","1","0","Non-Incapacitating Injury","2139","2015","Monday","N/A","Non Intersection","No Data","Daylight","No Data","One Motor Vehicle - Going Straight","No","Not Applicable","No Data","Not Applicable","No Data","-1","DECKER LN","Dry"
"14567989","No Data","No Data","0","0","1","1","0","Non-Incapacitating Injury","2320","2015","Tuesday","N/A","Non Intersection","30.44217039","Dark, Not Lighted","-97.704339","One Motor Vehicle - Going Straight","No","Not Applicable","No Data","Not Applicable","No Data","45","W HOWARD LN","Dry"
"14569742","No Data","No Data","0","0","1","1","0","Non-Incapacitating Injury","2320","2015","Tuesday","N/A","Non Intersection","No Data","Dark, Lighted","No Data","One Motor Vehicle - Going Straight","No","Not Applicable","No Data","Not Applicable","No Data","-1","S LAMAR BLVD","Dry"
"14569371","No Data","No Data","0","0","1","1","0","Non-Incapacitating Injury","0757","2015","Thursday","BURNET RD","Intersection","30.32582477","Daylight","-97.73962245","One Motor Vehicle - Turning Left","No","Four Entering Roads","No Data","Not Applicable","No Data","-1","W NORTH LOOP BLVD","Dry"
"14569927","No Data","No Data","0","0","0","1","1","Possible Injury","1718","2015","Thursday","UNKNOWN","Intersection","30.28063478","Daylight","-97.73808246","One Motor Vehicle - Turning Left","No","Three Entering Roads - T","No Data","Not Applicable","No Data","30","MARTIN LUTHER KING BLVD E","Dry"
"14574401","No Data","No Data","0","0","0","0","1","Possible Injury","1800","2015","Friday","BLUMIE ST","Intersection Related","30.20504479","Daylight","-97.83621244","One Motor Vehicle - Going Straight","No","Three Entering Roads - T","No Data","Not Applicable","No Data","-1","BRODIE LN","Dry"
"14572721","33647","2014","0","0","0","1","1","Possible Injury","1227","2015","Saturday","BARTON SPRINGS RD","Intersection Related","30.26092596","Daylight","-97.7584974","One Motor Vehicle - Going Straight","No","Not Applicable","6","Not Applicable","Flex Base (Granular)","30","SL0343","Dry"
"14574415","No Data","No Data","0","0","0","1","2","Possible Injury","0603","2015","Sunday","N/A","Non Intersection","30.2571712","Dawn","-97.75076805","One Motor Vehicle - Going Straight","No","Not Applicable","No Data","Not Applicable","No Data","35","S 1ST ST","Dry"
"14582884","No Data","No Data","0","0","1","1","0","Non-Incapacitating Injury","1250","2015","Monday","N/A","Driveway Access","30.3234181","Daylight","-97.7238658","One Motor Vehicle - Turning Left","No","Not Applicable","No Data","Not Applicable","No Data","30","GUADALUPE ST","Dry"
"14579657","No Data","No Data","0","0","1","1","0","Non-Incapacitating Injury","1926","2015","Tuesday","RABB GLEN ST","Intersection Related","30.24904478","Daylight","-97.77584246","One Motor Vehicle - Going Straight","No","Four Entering Roads","No Data","Not Applicable","No Data","30","BLUEBONNET LN","Dry"
"14579715","No Data","No Data","0","0","0","3","1","Possible Injury","1248","2015","Thursday","SPICEWOOD SPRINGS RD","Intersection","30.36297063","Daylight","-97.74830578","One Motor Vehicle - Going Straight","No","Not Applicable","No Data","Not Applicable","No Data","40","CEBERRY DR","Dry"
"14581268","No Data","No Data","0","0","1","1","0","Non-Incapacitating Injury","1315","2015","Friday","N/A","Non Intersection","No Data","Daylight","No Data","One Motor Vehicle - Going Straight","No","Not Applicable","No Data","Not Applicable","No Data","30","BARTON SPRINGS RD","Dry"
"14581342","No Data","No Data","0","0","0","1","1","Possible Injury","1933","2015","Friday","PECAN SPRINGS RD","Intersection","30.30100477","Daylight","-97.68507248","One Motor Vehicle - Going Straight","No","Four Entering Roads","No Data","Not Applicable","No Data","-1","MANOR RD","Dry"
"14733516","105589","2014","0","0","0","0","1","Possible Injury","0344","2015","Sunday","N/A","Non Intersection","30.23326111","Dark, Lighted","-97.79729462","One Motor Vehicle - Going Straight","No","Not Applicable","7","Not Applicable","Concrete","35","US0290","Dry"
"14582193","No Data","No Data","0","0","1","3","0","Non-Incapacitating Injury","0956","2015","Monday","N/A","Non Intersection","30.26152478","Daylight","-97.75995246","One Motor Vehicle - Going Straight","No","Not Applicable","No Data","Not Applicable","No Data","30","BARTON SPRINGS RD","Dry"
"14587160","No Data","No Data","0","0","1","1","0","Non-Incapacitating Injury","1855","2015","Tuesday","N/A","Driveway Access","30.36958586","Daylight","-97.74544021","One Motor Vehicle - Turning Left","No","Not Applicable","No Data","Not Applicable","No Data","-1","STECK AVE","Dry"
"14590472","No Data","No Data","0","0","0","1","0","Not Injured","1015","2015","Tuesday","UNKNOWN","Intersection","30.36765476","Daylight","-97.68098247","One Motor Vehicle - Turning Left","No","Three Entering Roads - T","No Data","Not Applicable","No Data","-1","MIDDLE FISKVILLE RD","Dry"
"14593111","No Data","No Data","0","0","1","1","0","Non-Incapacitating Injury","1758","2015","Tuesday","UNKNOWN","Intersection","30.21295479","Daylight","-97.81497245","One Motor Vehicle - Turning Right","No","Three Entering Roads - T","No Data","Not Applicable","No Data","-1","DILLIONHILL DR","Dry"
"14607975","25277","2014","0","1","0","1","0","Incapacitating Injury","0825","2015","Tuesday","APPLEGATE DR W","Intersection Related","30.37354517","Daylight","-97.69107745","One Motor Vehicle - Going Straight","No","Four Entering Roads","4","Not Applicable","Flex Base (Granular)","45","SL0275","Dry"
"14594740","68363","2014","0","0","1","1","0","Non-Incapacitating Injury","1722","2015","Thursday","IH0035","Intersection Related","30.21621469","Daylight","-97.74402355","One Motor Vehicle - Turning Right","No","Four Entering Roads","6","Not Applicable","Flex Base (Granular)","40","SH0071","Dry"
"14603701","No Data","No Data","0","0","1","3","0","Non-Incapacitating Injury","1658","2015","Thursday","N/A","Non Intersection","30.24686479","Daylight","-97.89622243","One Motor Vehicle - Going Straight","No","Not Applicable","No Data","Not Applicable","No Data","35","COVERED BRIDGE DR","Dry"
"14594774","No Data","No Data","0","1","0","0","0","Incapacitating Injury","1923","2015","Friday","POQUITO ST","Intersection Related","30.27490478","Daylight","-97.71910247","One Motor Vehicle - Going Straight","No","Not Applicable","No Data","Not Applicable","No Data","-1","E 13TH ST","Dry"
"14608292","21351","2014","0","0","1","1","0","Non-Incapacitating Injury","0050","2015","Saturday","CONGRESS AVE","Intersection","30.26339563","Dark, Lighted","-97.74449683","One Motor Vehicle - Going Straight","No","Four Entering Roads","4","Not Applicable","Concrete","30","SL0343","Dry"
"14601611","No Data","No Data","0","0","0","1","1","Possible Injury","1358","2015","Wednesday","N/A","Non Intersection","30.29791096","Daylight","-97.74120985","One Motor Vehicle - Turning Right","No","Not Applicable","No Data","Not Applicable","No Data","-1","GUADALUPE ST","Dry"
"14606868","No Data","No Data","0","0","0","1","1","Possible Injury","1128","2015","Sunday","N/A","Non Intersection","30.39914444","Daylight","-97.66948248","One Motor Vehicle - Going Straight","No","Other (Explain In Narrative)","No Data","Not Applicable","No Data","-1","TECH RIDGE BLVD","Dry"
"14628750","No Data","No Data","0","0","1","0","0","Non-Incapacitating Injury","2214","2015","Sunday","W SLAUGHTER LN","Intersection Related","30.1671348","Dark, Lighted","-97.79094246","One Motor Vehicle - Turning Right","No","Three Entering Roads - T","No Data","Not Applicable","No Data","30","CULLEN LN","Dry"
"14606886","No Data","No Data","0","0","1","2","0","Non-Incapacitating Injury","0822","2015","Monday","MARY ST E","Intersection","30.24514696","Daylight","-97.75132538","One Motor Vehicle - Turning Right","No","Three Entering Roads - T","No Data","Not Applicable","No Data","35","CONGRESS AVE S","Dry"
"14606934","No Data","No Data","0","0","0","1","1","Possible Injury","0918","2015","Monday","PARKER LN","Intersection Related","30.21961479","Daylight","-97.74393247","One Motor Vehicle - Turning Right","No","Three Entering Roads - T","No Data","Not Applicable","No Data","35","WOODWARD ST","Dry"
"14610533","No Data","No Data","0","0","1","1","0","Non-Incapacitating Injury","0835","2015","Monday","N/A","Driveway Access","30.2623834","Daylight","-97.76197666","One Motor Vehicle - Turning Right","No","Not Applicable","No Data","Not Applicable","No Data","-1","BARTON SPRINGS RD","Dry"
"14618022","No Data","No Data","0","0","0","1","1","Possible Injury","1638","2015","Monday","E 4TH ST","Intersection","30.26257478","Daylight","-97.73133247","One Motor Vehicle - Going Straight","No","Four Entering Roads","No Data","Not Applicable","No Data","35","WALLER ST","Dry"
"14633184","29839","2014","0","0","0","1","0","Not Injured","0001","2015","Monday","W RUNDBERG LN","Intersection Related","30.3630463","Dark, Lighted","-97.69702522","One Motor Vehicle - Going Straight","No","Four Entering Roads","4","Not Applicable","Flex Base (Granular)","40","SL0275","Dry"
"14608880","No Data","No Data","0","0","1","0","0","Non-Incapacitating Injury","1811","2015","Tuesday","N/A","Non Intersection","30.34326951","Daylight","-97.68941208","One Motor Vehicle - Going Straight","No","Not Applicable","No Data","Not Applicable","No Data","25","FURNESS DR","Dry"
"14610632","No Data","No Data","0","0","0","1","1","Possible Injury","2036","2015","Wednesday","N/A","Driveway Access","30.25935522","Dark, Lighted","-97.71596069","One Motor Vehicle - Backing","No","Four Entering Roads","No Data","Not Applicable","No Data","30","E 6TH ST","Dry"
"14735722","No Data","No Data","0","0","1","0","0","Non-Incapacitating Injury","1705","2015","Friday","W WILLIAM CANNON DR","Intersection Related","30.20283479","Daylight","-97.80688245","One Motor Vehicle - Turning Right","No","Four Entering Roads","No Data","Not Applicable","No Data","35","MANCHACA RD","Dry"
"14620080","No Data","No Data","0","0","1","0","0","Non-Incapacitating Injury","2200","2015","Saturday","CONVICT HILL RD","Intersection Related","30.23075881","Dark, Lighted","-97.87932821","One Motor Vehicle - Going Straight","No","Not Applicable","No Data","Not Applicable","No Data","50","W US 290","Dry"
"14616167","No Data","No Data","0","0","0","2","0","Not Injured","0749","2015","Tuesday","N/A","Non Intersection","30.44845814","Daylight","-97.79156449","One Motor Vehicle - Going Straight","No","Not Applicable","No Data","Not Applicable","No Data","-1","ANDERSON MILL RD","Dry"
"14620419","No Data","No Data","0","0","1","2","0","Non-Incapacitating Injury","1731","2015","Wednesday","N/A","Non Intersection","No Data","Daylight","No Data","One Motor Vehicle - Going Straight","No","Four Entering Roads","No Data","Not Applicable","No Data","10","E RIVERSIDE DR","Dry"
"14620439","No Data","No Data","0","0","1","1","0","Non-Incapacitating Injury","1803","2015","Wednesday","N/A","Non Intersection","No Data","Daylight","No Data","One Motor Vehicle - Backing","No","Three Entering Roads - T","No Data","Not Applicable","No Data","30","GUADALUPE ST","Dry"
"14633387","No Data","No Data","0","0","0","0","1","Possible Injury","1500","2015","Thursday","W 51ST ST","Intersection Related","30.31764477","Daylight","-97.72846246","One Motor Vehicle - Going Straight","No","Four Entering Roads","No Data","Not Applicable","No Data","35","GUADALUPE ST","Dry"
"14675711","No Data","No Data","0","0","1","1","0","Non-Incapacitating Injury","1707","2015","Thursday","W 30TH ST","Intersection Related","30.29649477","Daylight","-97.74211246","One Motor Vehicle - Going Straight","No","Three Entering Roads - T","No Data","Not Applicable","No Data","-1","GUADALUPE ST","Dry"
"14633788","No Data","No Data","0","0","1","1","0","Non-Incapacitating Injury","1858","2015","Tuesday","UNKNOWN","Intersection Related","30.18567486","Daylight","-97.80436082","One Motor Vehicle - Going Straight","No","Three Entering Roads - T","No Data","Not Applicable","No Data","30","W DITTMAR RD","Dry"
"14634281","No Data","No Data","0","0","1","1","0","Non-Incapacitating Injury","2145","2015","Thursday","E RIVERSIDE DR","Intersection Related","30.22944479","Dark, Lighted","-97.71265247","One Motor Vehicle - Going Straight","No","Four Entering Roads","No Data","Not Applicable","No Data","30","FARO DR","Wet"
"14650768","No Data","No Data","0","0","1","0","0","Non-Incapacitating Injury","2024","2015","Thursday","N/A","Driveway Access","30.2186437","Dark, Lighted","-97.76659778","One Motor Vehicle - Turning Right","No","Not Applicable","No Data","Not Applicable","No Data","-1","S CONGRESS AVE","Wet"
"14640826","No Data","No Data","0","0","1","4","0","Non-Incapacitating Injury","0815","2015","Monday","UNKNOWN","Intersection","30.28724477","Daylight","-97.72671247","One Motor Vehicle - Turning Right","No","Four Entering Roads","No Data","Not Applicable","No Data","35","E 26TH ST","Dry"
"14653110","No Data","No Data","0","0","0","0","1","Possible Injury","1204","2015","Wednesday","W 4TH ST","Intersection","30.26716478","Daylight","-97.74698246","One Motor Vehicle - Turning Right","No","Not Applicable","No Data","Not Applicable","No Data","30","GUADALUPE ST","Dry"
"14647651","No Data","No Data","0","1","0","0","0","Incapacitating Injury","1957","2015","Thursday","CHICON ST","Intersection Related","30.25891478","Dark, Lighted","-97.72377247","One Motor Vehicle - Turning Right","No","Four Entering Roads","No Data","Not Applicable","No Data","30","E 3RD ST","Dry"
"14655582","33647","2014","0","1","0","1","0","Incapacitating Injury","2209","2015","Thursday","N/A","Non Intersection","30.24874884","Dark, Lighted","-97.76894446","One Motor Vehicle - Going Straight","No","Not Applicable","4","Not Applicable","Flex Base (Granular)","35","SL0343","Dry"
"14667785","No Data","No Data","0","0","2","0","0","Non-Incapacitating Injury","1820","2015","Thursday","N/A","Driveway Access","30.27777264","Daylight","-97.68553536","One Motor Vehicle - Turning Right","No","Not Applicable","No Data","Not Applicable","No Data","35","WEBBERVILLE RD","Dry"
"14735773","No Data","No Data","0","0","0","1","1","Possible Injury","1937","2015","Thursday","BOWIE ST","Intersection","30.27097478","Dusk","-97.75250246","One Motor Vehicle - Going Straight","No","Three Entering Roads - T","No Data","Not Applicable","No Data","35","W 6TH ST","Dry"
"14650958","No Data","No Data","0","0","0","2","1","Possible Injury","2115","2015","Friday","FRUTH ST","Intersection","30.29420477","Dark, Lighted","-97.74228246","One Motor Vehicle - Turning Left","No","Three Entering Roads - T","No Data","Not Applicable","No Data","35","GUADALUPE ST","Dry"
"14651064","142526","2014","0","0","1","1","0","Non-Incapacitating Injury","1507","2015","Saturday","N/A","Driveway Access","30.18811688","Daylight","-97.77224121","One Motor Vehicle - Going Straight","No","Not Applicable","6","Not Applicable","Flex Base (Granular)","50","IH0035","Dry"
"14742597","No Data","No Data","0","0","1","0","0","Non-Incapacitating Injury","0240","2015","Sunday","UNKNOWN","Intersection","30.44713438","Dark, Lighted","-97.8001985","One Motor Vehicle - Going Straight","No","Three Entering Roads - T","No Data","Not Applicable","No Data","35","ANDERSON MILL RD","Dry"
"14667836","33647","2014","0","0","0","1","1","Possible Injury","1727","2015","Friday","COLLIER ST","Intersection","30.25122842","Daylight","-97.76515671","One Motor Vehicle - Going Straight","No","Four Entering Roads","4","Not Applicable","Flex Base (Granular)","-1","SL0343","Wet"
"14665702","No Data","No Data","0","0","1","1","0","Non-Incapacitating Injury","0948","2015","Monday","W 22ND ST","Intersection Related","30.28497478","Daylight","-97.74181246","One Motor Vehicle - Turning Right","No","Three Entering Roads - T","No Data","Not Applicable","No Data","30","GUADALUPE ST","Dry"
"14679922","124466","2014","0","0","1","1","0","Non-Incapacitating Injury","2149","2015","Tuesday","E RUNDBERG LN","Intersection","30.35806933","Dark, Not Lighted","-97.68814856","One Motor Vehicle - Going Straight","No","Three Entering Roads - T","6","Not Applicable","Flex Base (Granular)","30","IH0035","Dry"
"14684060","No Data","No Data","0","0","0","4","2","Possible Injury","1829","2015","Wednesday","SPRINGDALE RD","Intersection","30.26742478","Daylight","-97.69435248","One Motor Vehicle - Turning Left","No","Three Entering Roads - T","No Data","Not Applicable","No Data","-1","GOODWIN AVE","Dry"
"14675786","No Data","No Data","0","0","1","1","0","Non-Incapacitating Injury","1951","2015","Friday","W 14TH ST","Intersection Related","30.27664478","Dark, Lighted","-97.74228246","One Motor Vehicle - Going Straight","No","Three Entering Roads - Y","No Data","Not Applicable","No Data","-1","LAVACA ST","Dry"
"14679925","No Data","No Data","0","0","1","1","0","Non-Incapacitating Injury","1506","2015","Friday","RED RIVER ST","Intersection","30.26928478","Daylight","-97.73614246","One Motor Vehicle - Going Straight","No","Four Entering Roads","No Data","Not Applicable","No Data","30","E 9TH ST","Dry"
"14719547","118604","2014","0","0","0","4","0","Not Injured","2304","2015","Friday","RM2244","Intersection","30.26073929","Dark, Lighted","-97.79349199","One Motor Vehicle - Going Straight","No","Three Entering Roads - T","6","Not Applicable","Flex Base (Granular)","35","SL0001","Dry"
"14675851","No Data","No Data","0","0","0","1","1","Possible Injury","1000","2015","Saturday","UNKNOWN","Intersection","30.29552477","Daylight","-97.73181246","One Motor Vehicle - Turning Left","No","Not Applicable","No Data","Not Applicable","No Data","35","DUVAL ST","Dry"
"14677730","No Data","No Data","0","0","0","2","0","Not Injured","1304","2015","Saturday","UNKNOWN","Intersection Related","30.2176571","Daylight","-97.74388936","One Motor Vehicle - Other","No","Not Applicable","No Data","Not Applicable","No Data","-1","WOODWARD ST","Dry"
"14679930","No Data","No Data","0","0","1","1","0","Non-Incapacitating Injury","1447","2015","Saturday","STERZING ST","Intersection Related","30.26370478","Daylight","-97.76371246","One Motor Vehicle - Turning Left","No","Three Entering Roads - T","No Data","Not Applicable","No Data","30","BARTON SPRINGS RD","Dry"
"14688160","No Data","No Data","0","0","1","0","0","Non-Incapacitating Injury","1939","2015","Monday","BLUE STEM TRL","Intersection","30.24801479","Dusk","-97.88301243","One Motor Vehicle - Going Straight","No","Three Entering Roads - T","No Data","Not Applicable","No Data","-1","KIDNEYWOOD TRL","Dry"
"14693261","No Data","No Data","0","0","1","1","0","Non-Incapacitating Injury","1415","2015","Tuesday","N/A","Non Intersection","No Data","Daylight","No Data","One Motor Vehicle - Going Straight","No","Not Applicable","No Data","Not Applicable","No Data","5","E 16TH ST","Dry"
"14679970","No Data","No Data","0","0","1","1","0","Non-Incapacitating Injury","0656","2015","Wednesday","E 11TH ST","Intersection Related","30.27114478","Dark, Not Lighted","-97.73545246","One Motor Vehicle - Turning Right","No","Four Entering Roads","No Data","Not Applicable","No Data","30","RED RIVER ST","Dry"
"14684291","No Data","No Data","0","0","0","1","0","Not Injured","1651","2015","Wednesday","N/A","Non Intersection","30.35812348","Daylight","-97.68784991","One Motor Vehicle - Going Straight","No","Not Applicable","No Data","Not Applicable","No Data","35","E RUNDBERG LN","Dry"
"14688975","No Data","No Data","0","0","1","2","0","Non-Incapacitating Injury","1717","2015","Friday","N/A","Driveway Access","30.22707413","Daylight","-97.76170279","One Motor Vehicle - Turning Left","No","Not Applicable","No Data","Not Applicable","No Data","-1","S CONGRESS AVE","Dry"
"14714881","No Data","No Data","0","0","1","0","0","Non-Incapacitating Injury","1711","2015","Friday","W 11TH ST","Intersection","30.27367478","Daylight","-97.74456246","One Motor Vehicle - Turning Right","No","Four Entering Roads","No Data","Not Applicable","No Data","30","GUADALUPE ST","Dry"
"14697546","No Data","No Data","0","0","1","1","0","Non-Incapacitating Injury","1932","2015","Tuesday","UNKNOWN","Intersection","30.3539655","Dark, Not Lighted","-97.76001801","One Motor Vehicle - Turning Left","No","Three Entering Roads - T","No Data","Not Applicable","No Data","30","N HILLS DR","Dry"
"14695961","No Data","No Data","0","0","1","1","0","Non-Incapacitating Injury","0935","2015","Thursday","N/A","Driveway Access","30.25584921","Daylight","-97.74736164","One Motor Vehicle - Turning Left","No","Not Applicable","No Data","Not Applicable","No Data","-1","S CONGRESS AVE","Dry"
"14697651","No Data","No Data","0","0","1","1","0","Non-Incapacitating Injury","1454","2015","Thursday","N/A","Non Intersection","No Data","Daylight","No Data","One Motor Vehicle - Going Straight","No","Not Applicable","No Data","Not Applicable","No Data","-1","BRACKENRIDGE PRIVATE DRIVE","Dry"
"14706345","No Data","No Data","0","0","1","1","0","Non-Incapacitating Injury","1519","2015","Friday","W 38TH ST","Intersection Related","30.30274477","Daylight","-97.73815246","One Motor Vehicle - Turning Left","No","Four Entering Roads","No Data","Not Applicable","No Data","-1","GUADALUPE ST","Dry"
"14701697","No Data","No Data","0","0","1","1","0","Non-Incapacitating Injury","1930","2015","Saturday","N/A","Non Intersection","30.23483483","Dark, Lighted","-97.72209744","One Motor Vehicle - Going Straight","No","Not Applicable","No Data","Not Applicable","No Data","35","S PLEASANT VALLEY RD","Dry"
"14735811","No Data","No Data","0","0","1","1","0","Non-Incapacitating Injury","1045","2015","Sunday","DAVIS LN","Intersection","30.21168479","Daylight","-97.87647243","One Motor Vehicle - Turning Right","No","Not Applicable","No Data","Not Applicable","No Data","40","ESCARPMENT BLVD","Dry"
"14728169","No Data","No Data","0","0","0","2","0","Not Injured","2000","2015","Thursday","N/A","Non Intersection","30.26373918","Dark, Lighted","-97.73079909","One Motor Vehicle - Turning Left","No","Four Entering Roads","No Data","Not Applicable","No Data","25","WALLER ST","Dry"
"14710508","No Data","No Data","0","0","1","1","0","Non-Incapacitating Injury","1004","2015","Friday","S 1ST ST","Intersection","30.1724048","Daylight","-97.79957245","One Motor Vehicle - Going Straight","No","Four Entering Roads","No Data","Not Applicable","No Data","45","W SLAUGHTER LN","Wet"
"14731348","No Data","No Data","0","0","0","1","1","Possible Injury","0858","2015","Saturday","N/A","Driveway Access","30.23551479","Daylight","-97.79011745","One Motor Vehicle - Turning Left","No","Three Entering Roads - T","No Data","Not Applicable","No Data","35","VICTORY DR","Wet"
"14717864","No Data","No Data","0","0","1","1","0","Non-Incapacitating Injury","1201","2015","Monday","N/A","Non Intersection","No Data","Daylight","No Data","One Motor Vehicle - Going Straight","No","Not Applicable","No Data","Not Applicable","No Data","45","N N LAMAR BLVD","Dry"
"14719764","No Data","No Data","0","0","1","2","0","Non-Incapacitating Injury","0903","2015","Tuesday","S LAKESHORE BLVD","Intersection Related","30.24247478","Daylight","-97.71723247","One Motor Vehicle - Going Straight","No","Three Entering Roads - T","No Data","Not Applicable","No Data","35","S PLEASANT VALLEY RD","Dry"
"14728305","No Data","No Data","0","0","0","2","1","Possible Injury","1556","2015","Wednesday","IH0035","Intersection Related","30.32577446","Daylight","-97.70551931","One Motor Vehicle - Going Straight","No","Other (Explain In Narrative)","No Data","Not Applicable","No Data","-1","LA POSADA DR","Dry"
"14728376","No Data","No Data","0","0","1","1","0","Non-Incapacitating Injury","1601","2015","Thursday","E 45TH ST","Intersection","30.30295354","Daylight","-97.7164986","One Motor Vehicle - Going Straight","No","Three Entering Roads - T","No Data","Not Applicable","No Data","-1","CLARKSON AVE","Dry"
"14731414","No Data","No Data","0","0","0","1","1","Possible Injury","2254","2015","Friday","N/A","Driveway Access","30.29142023","Dark, Lighted","-97.73511422","One Motor Vehicle - Backing","No","Not Applicable","No Data","Not Applicable","No Data","25","SAN JACINTO BLVD","Dry"
"14728542","122507","2014","0","1","0","2","0","Incapacitating Injury","1730","2015","Sunday","SL0360","Intersection Related","30.38954926","Daylight","-97.74504852","One Motor Vehicle - Going Straight","No","Six Entering Roads","6","Not Applicable","Flex Base (Granular)","50","US0183","Dry"
"14735870","No Data","No Data","0","0","1","1","0","Non-Incapacitating Injury","1147","2015","Sunday","N/A","Non Intersection","30.35756979","Daylight","-97.74950743","One Motor Vehicle - Going Straight","No","Not Applicable","No Data","Not Applicable","No Data","30","SHADOW HILL DR","Dry"
"14748054","No Data","No Data","0","1","0","1","0","Incapacitating Injury","0854","2015","Tuesday","GIBSON ST E","Intersection","30.24984478","Dusk","-97.74959246","One Motor Vehicle - Going Straight","No","Other (Explain In Narrative)","No Data","Not Applicable","No Data","35","CONGRESS AVE S","Dry"
"14748621","No Data","No Data","0","0","1","1","0","Non-Incapacitating Injury","1102","2015","Tuesday","BLARWOOD DR","Intersection","30.21431479","Daylight","-97.81271245","One Motor Vehicle - Going Straight","No","Three Entering Roads - T","No Data","Not Applicable","No Data","35","BERKETT DR","Dry"
"14894374","No Data","No Data","0","0","1","1","0","Non-Incapacitating Injury","1255","2015","Wednesday","UNKNOWN","Intersection","30.41266975","Daylight","-97.73185246","One Motor Vehicle - Turning Left","No","Three Entering Roads - T","No Data","Not Applicable","No Data","35","DUVAL RD","Dry"
"14768434","No Data","No Data","0","0","1","1","0","Non-Incapacitating Injury","1052","2015","Sunday","LOYOLA LN","Intersection Related","30.31009477","Daylight","-97.66720248","One Motor Vehicle - Going Straight","No","Not Applicable","No Data","Not Applicable","No Data","35","MANOR RD","Dry"
"14742876","No Data","No Data","0","0","0","1","1","Possible Injury","1349","2015","Monday","AVENUE B","Intersection","30.30772477","Daylight","-97.73254246","One Motor Vehicle - Going Straight","No","Four Entering Roads","No Data","Not Applicable","No Data","30","W 43RD ST","Dry"
"14744787","No Data","No Data","0","0","0","1","1","Possible Injury","1734","2015","Monday","N/A","Driveway Access","30.32344143","Daylight","-97.72384913","One Motor Vehicle - Turning Left","No","Four Entering Roads","No Data","Not Applicable","No Data","-1","GUADALUPE ST","Dry"
"14748454","No Data","No Data","0","0","1","1","0","Non-Incapacitating Injury","0846","2015","Tuesday","N/A","Driveway Access","30.2381331","Daylight","-97.75410771","One Motor Vehicle - Going Straight","No","Not Applicable","No Data","Not Applicable","No Data","40","S CONGRESS AVE","Dry"
"14757224","No Data","No Data","0","0","2","1","0","Non-Incapacitating Injury","2300","2015","Thursday","UNKNOWN","Intersection Related","30.27157131","Dark, Not Lighted","-97.75398449","One Motor Vehicle - Going Straight","No","Four Entering Roads","No Data","Not Applicable","No Data","35","N LAMAR BLVD","Dry"
"14761921","No Data","No Data","0","0","1","1","0","Non-Incapacitating Injury","1751","2015","Tuesday","UNKNOWN","Intersection","30.27940478","Dusk","-97.72316247","One Motor Vehicle - Turning Left","No","Not Applicable","No Data","Not Applicable","No Data","25","LEONA ST","Dry"
"14767893","No Data","No Data","0","0","0","2","0","Not Injured","1537","2015","Sunday","UNKNOWN","Intersection Related","30.32780477","Daylight","-97.72516246","One Motor Vehicle - Turning Right","No","Not Applicable","No Data","Not Applicable","No Data","40","N LAMAR BLVD","Dry"
"14767896","No Data","No Data","0","0","1","1","0","Non-Incapacitating Injury","1748","2015","Sunday","N/A","Non Intersection","30.28117167","Dusk","-97.71254673","One Motor Vehicle - Going Straight","No","Not Applicable","No Data","Not Applicable","No Data","35","E MARTIN LUTHER KING JR BLVD","Dry"
"14778710","No Data","No Data","0","1","0","2","0","Incapacitating Injury","1749","2015","Sunday","UNKNOWN","Intersection Related","30.33706477","Daylight","-97.69530247","One Motor Vehicle - Going Straight","No","Not Applicable","No Data","Not Applicable","No Data","35","CLOCK TOWER DR","Dry"
"14784752","No Data","No Data","0","1","0","1","0","Incapacitating Injury","1951","2015","Monday","N/A","Non Intersection","30.26386305","Dark, Lighted","-97.74289348","One Motor Vehicle - Going Straight","No","Four Entering Roads","No Data","Not Applicable","No Data","-1","BRAZOS ST","Dry"
"14778835","No Data","No Data","0","0","0","1","1","Possible Injury","2100","2015","Wednesday","S LAKESHORE BLVD","Intersection Related","30.24247478","Dark, Lighted","-97.71723247","One Motor Vehicle - Turning Left","No","Three Entering Roads - T","No Data","Not Applicable","No Data","40","S PLEASANT VALLEY RD","Dry"
"14793162","No Data","No Data","0","0","0","2","0","Not Injured","1459","2015","Wednesday","W 5TH ST","Intersection Related","30.26711478","Daylight","-97.74316246","One Motor Vehicle - Turning Left","No","Four Entering Roads","No Data","Not Applicable","No Data","30","CONGRESS AVE","Dry"
"14793164","No Data","No Data","0","0","1","0","0","Non-Incapacitating Injury","0700","2015","Thursday","N LAMAR BLVD","Intersection Related","30.27036478","Daylight","-97.75469246","One Motor Vehicle - Going Straight","No","Four Entering Roads","No Data","Not Applicable","No Data","30","W 5TH ST","Wet"
"14792833","No Data","No Data","0","0","0","1","1","Possible Injury","1450","2015","Monday","W 24TH ST","Intersection","30.28793478","Dark, Not Lighted","-97.74463246","One Motor Vehicle - Going Straight","No","Not Applicable","No Data","Not Applicable","No Data","30","RIO GRANDE ST","Dry"
"14792834","No Data","No Data","0","0","0","1","1","Possible Injury","1637","2015","Monday","N/A","Driveway Access","30.37552679","Daylight","-97.75464908","One Motor Vehicle - Turning Left","No","Three Entering Roads - T","No Data","Not Applicable","No Data","25","MESA DR","Dry"
"14792837","No Data","No Data","0","0","0","1","1","Possible Injury","2030","2015","Tuesday","PLEASANT VALLEY RD N","Intersection","30.2566424","Dark, Lighted","-97.71125127","One Motor Vehicle - Turning Left","No","Not Applicable","No Data","Not Applicable","No Data","30","E 5TH ST","Dry"
"14788588","No Data","No Data","0","0","1","2","0","Non-Incapacitating Injury","1629","2015","Thursday","TILLERY ST","Intersection","30.27338478","Daylight","-97.69914247","One Motor Vehicle - Turning Left","No","Three Entering Roads - T","No Data","Not Applicable","No Data","35","OAK SPRINGS DR","Dry"
"14809433","No Data","No Data","0","0","1","0","0","Non-Incapacitating Injury","1500","2015","Saturday","N/A","Non Intersection","No Data","Daylight","No Data","One Motor Vehicle - Going Straight","No","Not Applicable","No Data","Not Applicable","No Data","-1","WICKERSHAM LN","Dry"
"14798767","No Data","No Data","0","0","1","1","0","Non-Incapacitating Injury","0554","2015","Tuesday","PLEASANT VALLEY RD N","Intersection","30.25659478","Dark, Lighted","-97.71110247","One Motor Vehicle - Turning Left","No","Not Applicable","No Data","Not Applicable","No Data","-1","E 5TH ST","Dry"
"14802480","No Data","No Data","0","0","0","1","1","Possible Injury","0802","2015","Tuesday","BROWNIE DR","Intersection Related","30.36676476","Dawn","-97.68485247","One Motor Vehicle - Going Straight","No","Four Entering Roads","No Data","Not Applicable","No Data","30","DIAMONDBACK TRL","Dry"
"14892747","No Data","No Data","0","0","0","0","1","Possible Injury","1001","2015","Tuesday","W CESAR CHAVEZ ST","Intersection Related","30.26406477","Dark, Not Lighted","-97.74711246","One Motor Vehicle - Turning Right","No","Four Entering Roads","No Data","Not Applicable","No Data","30","LAVACA ST","Dry"
"14800311","No Data","No Data","0","0","0","1","1","Possible Injury","1838","2015","Wednesday","N/A","Driveway Access","30.35651921","Dark, Lighted","-97.75115999","One Motor Vehicle - Turning Left","No","Three Entering Roads - T","No Data","Not Applicable","No Data","35","WOOD HOLLOW DR","Dry"
"14836511","172066","2014","0","0","0","2","0","Not Injured","1206","2015","Friday","REINLI ST","Intersection Related","30.31866845","Daylight","-97.70725807","One Motor Vehicle - Going Straight","No","Not Applicable","8","Not Applicable","Flex Base (Granular)","55","IH0035","Dry"
"14809695","No Data","No Data","0","0","1","1","0","Non-Incapacitating Injury","1747","2015","Monday","N/A","Driveway Access","30.28307941","Dark, Lighted","-97.77671675","One Motor Vehicle - Turning Left","No","Not Applicable","No Data","Not Applicable","No Data","35","LAKE AUSTIN BLVD","Dry"
"14816388","No Data","No Data","0","0","0","0","1","Possible Injury","0015","2015","Tuesday","N/A","Non Intersection","30.21251499","Dark, Lighted","-97.80226816","One Motor Vehicle - Going Straight","No","Not Applicable","No Data","Not Applicable","No Data","35","MANCHACA RD","Dry"
"14816416","No Data","No Data","0","0","1","0","0","Non-Incapacitating Injury","2356","2015","Tuesday","N/A","Non Intersection","30.22727603","Dark, Lighted","-97.76160372","One Motor Vehicle - Going Straight","No","Not Applicable","No Data","Not Applicable","No Data","-1","S CONGRESS AVE","Dry"
"14816455","No Data","No Data","0","0","0","1","1","Possible Injury","1253","2015","Thursday","E 30TH ST","Intersection","30.29172477","Daylight","-97.73424246","One Motor Vehicle - Going Straight","No","Not Applicable","No Data","Not Applicable","No Data","30","DUVAL ST","Dry"
"14844698","No Data","No Data","1","0","0","1","0","Killed","0631","2015","Tuesday","N/A","Non Intersection","30.18089481","Dawn","-97.85150569","One Motor Vehicle - Going Straight","No","Not Applicable","No Data","Not Applicable","No Data","40","BRODIE LN","Dry"
"14836519","No Data","No Data","0","0","1","1","0","Non-Incapacitating Injury","1209","2015","Wednesday","N/A","Non Intersection","No Data","Daylight","No Data","One Motor Vehicle - Going Straight","No","Not Applicable","No Data","Not Applicable","No Data","40","US0183","Dry"
"14831401","No Data","No Data","0","0","0","3","0","Not Injured","1907","2015","Thursday","UNKNOWN","Intersection Related","30.2280511","Dark, Lighted","-97.77795807","One Motor Vehicle - Going Straight","No","Three Entering Roads - T","No Data","Not Applicable","No Data","-1","W BEN WHITE BLVD","Dry"
"14850767","No Data","No Data","0","0","1","1","0","Non-Incapacitating Injury","1630","2015","Thursday","N/A","Driveway Access","30.23262325","Daylight","-97.79092861","One Motor Vehicle - Going Straight","No","Three Entering Roads - T","No Data","Not Applicable","No Data","35","VICTORY DR","Dry"
"14859694","No Data","No Data","0","1","0","1","0","Incapacitating Injury","1231","2015","Thursday","N/A","Driveway Access","30.25584921","Daylight","-97.74736164","One Motor Vehicle - Turning Left","No","Not Applicable","No Data","Not Applicable","No Data","35","S CONGRESS AVE","Dry"